{
  "auc_test": 0.8081207043367191,
  "precision_test": 0.6415094339622641,
  "recall_test": 0.6783042394014963,
  "f1_test": 0.6593939393939394,
  "scale_pos_weight_train": 1.6392009987515606,
  "n_train": 4228,
  "n_test": 1057
}