{
  "auc_test": 0.6069644935532144,
  "precision_test": 0.5027080256031512,
  "recall_test": 0.702200825309491,
  "f1_test": 0.5859397417503587,
  "scale_pos_weight": 1.2521066208082545,
  "n_train": 13096,
  "n_test": 3274
}